userId,username,password
1,admin,b9b8ffeb2ea155343849afca4eac320bddac90335fc2e84eac19291c5af88eaa
2,user01,b9b8ffeb2ea155343849afca4eac320bddac90335fc2e84eac19291c5af88eaa
3,user02,b9b8ffeb2ea155343849afca4eac320bddac90335fc2e84eac19291c5af88eaa
4,user03,b9b8ffeb2ea155343849afca4eac320bddac90335fc2e84eac19291c5af88eaa
5,user04,b9b8ffeb2ea155343849afca4eac320bddac90335fc2e84eac19291c5af88eaa
6,user05,b9b8ffeb2ea155343849afca4eac320bddac90335fc2e84eac19291c5af88eaa
7,user06,b9b8ffeb2ea155343849afca4eac320bddac90335fc2e84eac19291c5af88eaa
8,user07,b9b8ffeb2ea155343849afca4eac320bddac90335fc2e84eac19291c5af88eaa
9,user08,b9b8ffeb2ea155343849afca4eac320bddac90335fc2e84eac19291c5af88eaa
10,user09,b9b8ffeb2ea155343849afca4eac320bddac90335fc2e84eac19291c5af88eaa
11,user10,b9b8ffeb2ea155343849afca4eac320bddac90335fc2e84eac19291c5af88eaa
12,user11,b9b8ffeb2ea155343849afca4eac320bddac90335fc2e84eac19291c5af88eaa
13,user12,b9b8ffeb2ea155343849afca4eac320bddac90335fc2e84eac19291c5af88eaa
14,user13,b9b8ffeb2ea155343849afca4eac320bddac90335fc2e84eac19291c5af88eaa
15,user14,b9b8ffeb2ea155343849afca4eac320bddac90335fc2e84eac19291c5af88eaa
16,user15,b9b8ffeb2ea155343849afca4eac320bddac90335fc2e84eac19291c5af88eaa
17,user16,b9b8ffeb2ea155343849afca4eac320bddac90335fc2e84eac19291c5af88eaa
18,user17,b9b8ffeb2ea155343849afca4eac320bddac90335fc2e84eac19291c5af88eaa
19,user18,b9b8ffeb2ea155343849afca4eac320bddac90335fc2e84eac19291c5af88eaa
20,user19,b9b8ffeb2ea155343849afca4eac320bddac90335fc2e84eac19291c5af88eaa
21,user20,b9b8ffeb2ea155343849afca4eac320bddac90335fc2e84eac19291c5af88eaa
22,user21,b9b8ffeb2ea155343849afca4eac320bddac90335fc2e84eac19291c5af88eaa
23,user22,b9b8ffeb2ea155343849afca4eac320bddac90335fc2e84eac19291c5af88eaa
24,user23,b9b8ffeb2ea155343849afca4eac320bddac90335fc2e84eac19291c5af88eaa
25,user24,b9b8ffeb2ea155343849afca4eac320bddac90335fc2e84eac19291c5af88eaa
26,user25,b9b8ffeb2ea155343849afca4eac320bddac90335fc2e84eac19291c5af88eaa
27,user26,b9b8ffeb2ea155343849afca4eac320bddac90335fc2e84eac19291c5af88eaa
28,user27,b9b8ffeb2ea155343849afca4eac320bddac90335fc2e84eac19291c5af88eaa
29,user28,b9b8ffeb2ea155343849afca4eac320bddac90335fc2e84eac19291c5af88eaa
30,user29,b9b8ffeb2ea155343849afca4eac320bddac90335fc2e84eac19291c5af88eaa
31,user30,b9b8ffeb2ea155343849afca4eac320bddac90335fc2e84eac19291c5af88eaa
32,user31,b9b8ffeb2ea155343849afca4eac320bddac90335fc2e84eac19291c5af88eaa
33,user32,b9b8ffeb2ea155343849afca4eac320bddac90335fc2e84eac19291c5af88eaa
34,user33,b9b8ffeb2ea155343849afca4eac320bddac90335fc2e84eac19291c5af88eaa
35,user34,b9b8ffeb2ea155343849afca4eac320bddac90335fc2e84eac19291c5af88eaa
36,user35,b9b8ffeb2ea155343849afca4eac320bddac90335fc2e84eac19291c5af88eaa
37,user36,b9b8ffeb2ea155343849afca4eac320bddac90335fc2e84eac19291c5af88eaa
38,user37,b9b8ffeb2ea155343849afca4eac320bddac90335fc2e84eac19291c5af88eaa
39,user38,b9b8ffeb2ea155343849afca4eac320bddac90335fc2e84eac19291c5af88eaa
40,user39,b9b8ffeb2ea155343849afca4eac320bddac90335fc2e84eac19291c5af88eaa
41,user40,b9b8ffeb2ea155343849afca4eac320bddac90335fc2e84eac19291c5af88eaa
42,user41,b9b8ffeb2ea155343849afca4eac320bddac90335fc2e84eac19291c5af88eaa
43,user42,b9b8ffeb2ea155343849afca4eac320bddac90335fc2e84eac19291c5af88eaa
44,user43,b9b8ffeb2ea155343849afca4eac320bddac90335fc2e84eac19291c5af88eaa
45,user44,b9b8ffeb2ea155343849afca4eac320bddac90335fc2e84eac19291c5af88eaa
46,user45,b9b8ffeb2ea155343849afca4eac320bddac90335fc2e84eac19291c5af88eaa
47,user46,b9b8ffeb2ea155343849afca4eac320bddac90335fc2e84eac19291c5af88eaa
48,user47,b9b8ffeb2ea155343849afca4eac320bddac90335fc2e84eac19291c5af88eaa
49,user48,b9b8ffeb2ea155343849afca4eac320bddac90335fc2e84eac19291c5af88eaa
50,user49,b9b8ffeb2ea155343849afca4eac320bddac90335fc2e84eac19291c5af88eaa
51,user50,b9b8ffeb2ea155343849afca4eac320bddac90335fc2e84eac19291c5af88eaa
52,user51,b9b8ffeb2ea155343849afca4eac320bddac90335fc2e84eac19291c5af88eaa
53,user52,b9b8ffeb2ea155343849afca4eac320bddac90335fc2e84eac19291c5af88eaa
54,user53,b9b8ffeb2ea155343849afca4eac320bddac90335fc2e84eac19291c5af88eaa
55,user54,b9b8ffeb2ea155343849afca4eac320bddac90335fc2e84eac19291c5af88eaa
56,user55,b9b8ffeb2ea155343849afca4eac320bddac90335fc2e84eac19291c5af88eaa
57,user56,b9b8ffeb2ea155343849afca4eac320bddac90335fc2e84eac19291c5af88eaa
58,user57,b9b8ffeb2ea155343849afca4eac320bddac90335fc2e84eac19291c5af88eaa
59,user58,b9b8ffeb2ea155343849afca4eac320bddac90335fc2e84eac19291c5af88eaa
60,user59,b9b8ffeb2ea155343849afca4eac320bddac90335fc2e84eac19291c5af88eaa
61,user60,b9b8ffeb2ea155343849afca4eac320bddac90335fc2e84eac19291c5af88eaa
62,user61,b9b8ffeb2ea155343849afca4eac320bddac90335fc2e84eac19291c5af88eaa
63,user62,b9b8ffeb2ea155343849afca4eac320bddac90335fc2e84eac19291c5af88eaa
64,user63,b9b8ffeb2ea155343849afca4eac320bddac90335fc2e84eac19291c5af88eaa
65,user64,b9b8ffeb2ea155343849afca4eac320bddac90335fc2e84eac19291c5af88eaa
66,user65,b9b8ffeb2ea155343849afca4eac320bddac90335fc2e84eac19291c5af88eaa
67,user66,b9b8ffeb2ea155343849afca4eac320bddac90335fc2e84eac19291c5af88eaa
68,user67,b9b8ffeb2ea155343849afca4eac320bddac90335fc2e84eac19291c5af88eaa
69,user68,b9b8ffeb2ea155343849afca4eac320bddac90335fc2e84eac19291c5af88eaa
70,user69,b9b8ffeb2ea155343849afca4eac320bddac90335fc2e84eac19291c5af88eaa
71,user70,b9b8ffeb2ea155343849afca4eac320bddac90335fc2e84eac19291c5af88eaa
72,user71,b9b8ffeb2ea155343849afca4eac320bddac90335fc2e84eac19291c5af88eaa
73,user72,b9b8ffeb2ea155343849afca4eac320bddac90335fc2e84eac19291c5af88eaa
74,user73,b9b8ffeb2ea155343849afca4eac320bddac90335fc2e84eac19291c5af88eaa
75,user74,b9b8ffeb2ea155343849afca4eac320bddac90335fc2e84eac19291c5af88eaa
76,user75,b9b8ffeb2ea155343849afca4eac320bddac90335fc2e84eac19291c5af88eaa
77,user76,b9b8ffeb2ea155343849afca4eac320bddac90335fc2e84eac19291c5af88eaa
78,user77,b9b8ffeb2ea155343849afca4eac320bddac90335fc2e84eac19291c5af88eaa
79,user78,b9b8ffeb2ea155343849afca4eac320bddac90335fc2e84eac19291c5af88eaa
80,user79,b9b8ffeb2ea155343849afca4eac320bddac90335fc2e84eac19291c5af88eaa
81,user80,b9b8ffeb2ea155343849afca4eac320bddac90335fc2e84eac19291c5af88eaa
82,user81,b9b8ffeb2ea155343849afca4eac320bddac90335fc2e84eac19291c5af88eaa
83,user82,b9b8ffeb2ea155343849afca4eac320bddac90335fc2e84eac19291c5af88eaa
84,user83,b9b8ffeb2ea155343849afca4eac320bddac90335fc2e84eac19291c5af88eaa
85,user84,b9b8ffeb2ea155343849afca4eac320bddac90335fc2e84eac19291c5af88eaa
86,user85,b9b8ffeb2ea155343849afca4eac320bddac90335fc2e84eac19291c5af88eaa
87,user86,b9b8ffeb2ea155343849afca4eac320bddac90335fc2e84eac19291c5af88eaa
88,user87,b9b8ffeb2ea155343849afca4eac320bddac90335fc2e84eac19291c5af88eaa
89,user88,b9b8ffeb2ea155343849afca4eac320bddac90335fc2e84eac19291c5af88eaa
90,user89,b9b8ffeb2ea155343849afca4eac320bddac90335fc2e84eac19291c5af88eaa
91,user90,b9b8ffeb2ea155343849afca4eac320bddac90335fc2e84eac19291c5af88eaa
92,user91,b9b8ffeb2ea155343849afca4eac320bddac90335fc2e84eac19291c5af88eaa
93,user92,b9b8ffeb2ea155343849afca4eac320bddac90335fc2e84eac19291c5af88eaa
94,user93,b9b8ffeb2ea155343849afca4eac320bddac90335fc2e84eac19291c5af88eaa
95,user94,b9b8ffeb2ea155343849afca4eac320bddac90335fc2e84eac19291c5af88eaa
96,user95,b9b8ffeb2ea155343849afca4eac320bddac90335fc2e84eac19291c5af88eaa
97,user96,b9b8ffeb2ea155343849afca4eac320bddac90335fc2e84eac19291c5af88eaa
98,user97,b9b8ffeb2ea155343849afca4eac320bddac90335fc2e84eac19291c5af88eaa
99,user98,b9b8ffeb2ea155343849afca4eac320bddac90335fc2e84eac19291c5af88eaa
100,user99,b9b8ffeb2ea155343849afca4eac320bddac90335fc2e84eac19291c5af88eaa
101,user100,b9b8ffeb2ea155343849afca4eac320bddac90335fc2e84eac19291c5af88eaa
102,user101,b9b8ffeb2ea155343849afca4eac320bddac90335fc2e84eac19291c5af88eaa
103,user102,b9b8ffeb2ea155343849afca4eac320bddac90335fc2e84eac19291c5af88eaa
104,user103,b9b8ffeb2ea155343849afca4eac320bddac90335fc2e84eac19291c5af88eaa
105,user104,b9b8ffeb2ea155343849afca4eac320bddac90335fc2e84eac19291c5af88eaa
106,user105,b9b8ffeb2ea155343849afca4eac320bddac90335fc2e84eac19291c5af88eaa
107,user106,b9b8ffeb2ea155343849afca4eac320bddac90335fc2e84eac19291c5af88eaa
108,user107,b9b8ffeb2ea155343849afca4eac320bddac90335fc2e84eac19291c5af88eaa
109,user108,b9b8ffeb2ea155343849afca4eac320bddac90335fc2e84eac19291c5af88eaa
110,user109,b9b8ffeb2ea155343849afca4eac320bddac90335fc2e84eac19291c5af88eaa
111,user110,b9b8ffeb2ea155343849afca4eac320bddac90335fc2e84eac19291c5af88eaa
112,user111,b9b8ffeb2ea155343849afca4eac320bddac90335fc2e84eac19291c5af88eaa
113,user112,b9b8ffeb2ea155343849afca4eac320bddac90335fc2e84eac19291c5af88eaa
114,user113,b9b8ffeb2ea155343849afca4eac320bddac90335fc2e84eac19291c5af88eaa
115,user114,b9b8ffeb2ea155343849afca4eac320bddac90335fc2e84eac19291c5af88eaa
116,user115,b9b8ffeb2ea155343849afca4eac320bddac90335fc2e84eac19291c5af88eaa
117,user116,b9b8ffeb2ea155343849afca4eac320bddac90335fc2e84eac19291c5af88eaa
118,user117,b9b8ffeb2ea155343849afca4eac320bddac90335fc2e84eac19291c5af88eaa
119,user118,b9b8ffeb2ea155343849afca4eac320bddac90335fc2e84eac19291c5af88eaa
120,user119,b9b8ffeb2ea155343849afca4eac320bddac90335fc2e84eac19291c5af88eaa
121,user120,b9b8ffeb2ea155343849afca4eac320bddac90335fc2e84eac19291c5af88eaa
122,user121,b9b8ffeb2ea155343849afca4eac320bddac90335fc2e84eac19291c5af88eaa
123,user122,b9b8ffeb2ea155343849afca4eac320bddac90335fc2e84eac19291c5af88eaa
124,user123,b9b8ffeb2ea155343849afca4eac320bddac90335fc2e84eac19291c5af88eaa
125,user124,b9b8ffeb2ea155343849afca4eac320bddac90335fc2e84eac19291c5af88eaa
126,user125,b9b8ffeb2ea155343849afca4eac320bddac90335fc2e84eac19291c5af88eaa
127,user126,b9b8ffeb2ea155343849afca4eac320bddac90335fc2e84eac19291c5af88eaa
128,user127,b9b8ffeb2ea155343849afca4eac320bddac90335fc2e84eac19291c5af88eaa
129,user128,b9b8ffeb2ea155343849afca4eac320bddac90335fc2e84eac19291c5af88eaa
130,user129,b9b8ffeb2ea155343849afca4eac320bddac90335fc2e84eac19291c5af88eaa
131,user130,b9b8ffeb2ea155343849afca4eac320bddac90335fc2e84eac19291c5af88eaa
132,user131,b9b8ffeb2ea155343849afca4eac320bddac90335fc2e84eac19291c5af88eaa
133,user132,b9b8ffeb2ea155343849afca4eac320bddac90335fc2e84eac19291c5af88eaa
134,user133,b9b8ffeb2ea155343849afca4eac320bddac90335fc2e84eac19291c5af88eaa
135,user134,b9b8ffeb2ea155343849afca4eac320bddac90335fc2e84eac19291c5af88eaa
136,user135,b9b8ffeb2ea155343849afca4eac320bddac90335fc2e84eac19291c5af88eaa
137,user136,b9b8ffeb2ea155343849afca4eac320bddac90335fc2e84eac19291c5af88eaa
138,user137,b9b8ffeb2ea155343849afca4eac320bddac90335fc2e84eac19291c5af88eaa
139,user138,b9b8ffeb2ea155343849afca4eac320bddac90335fc2e84eac19291c5af88eaa
140,user139,b9b8ffeb2ea155343849afca4eac320bddac90335fc2e84eac19291c5af88eaa
141,user140,b9b8ffeb2ea155343849afca4eac320bddac90335fc2e84eac19291c5af88eaa
142,user141,b9b8ffeb2ea155343849afca4eac320bddac90335fc2e84eac19291c5af88eaa
143,user142,b9b8ffeb2ea155343849afca4eac320bddac90335fc2e84eac19291c5af88eaa
144,user143,b9b8ffeb2ea155343849afca4eac320bddac90335fc2e84eac19291c5af88eaa
145,user144,b9b8ffeb2ea155343849afca4eac320bddac90335fc2e84eac19291c5af88eaa
146,user145,b9b8ffeb2ea155343849afca4eac320bddac90335fc2e84eac19291c5af88eaa
147,user146,b9b8ffeb2ea155343849afca4eac320bddac90335fc2e84eac19291c5af88eaa
148,user147,b9b8ffeb2ea155343849afca4eac320bddac90335fc2e84eac19291c5af88eaa
149,user148,b9b8ffeb2ea155343849afca4eac320bddac90335fc2e84eac19291c5af88eaa
150,user149,b9b8ffeb2ea155343849afca4eac320bddac90335fc2e84eac19291c5af88eaa
151,user150,b9b8ffeb2ea155343849afca4eac320bddac90335fc2e84eac19291c5af88eaa
152,user151,b9b8ffeb2ea155343849afca4eac320bddac90335fc2e84eac19291c5af88eaa
153,user152,b9b8ffeb2ea155343849afca4eac320bddac90335fc2e84eac19291c5af88eaa
154,user153,b9b8ffeb2ea155343849afca4eac320bddac90335fc2e84eac19291c5af88eaa
155,user154,b9b8ffeb2ea155343849afca4eac320bddac90335fc2e84eac19291c5af88eaa
156,user155,b9b8ffeb2ea155343849afca4eac320bddac90335fc2e84eac19291c5af88eaa
157,user156,b9b8ffeb2ea155343849afca4eac320bddac90335fc2e84eac19291c5af88eaa
158,user157,b9b8ffeb2ea155343849afca4eac320bddac90335fc2e84eac19291c5af88eaa
159,user158,b9b8ffeb2ea155343849afca4eac320bddac90335fc2e84eac19291c5af88eaa
160,user159,b9b8ffeb2ea155343849afca4eac320bddac90335fc2e84eac19291c5af88eaa
161,user160,b9b8ffeb2ea155343849afca4eac320bddac90335fc2e84eac19291c5af88eaa
162,user161,b9b8ffeb2ea155343849afca4eac320bddac90335fc2e84eac19291c5af88eaa
163,user162,b9b8ffeb2ea155343849afca4eac320bddac90335fc2e84eac19291c5af88eaa
164,user163,b9b8ffeb2ea155343849afca4eac320bddac90335fc2e84eac19291c5af88eaa
165,user164,b9b8ffeb2ea155343849afca4eac320bddac90335fc2e84eac19291c5af88eaa
166,user165,b9b8ffeb2ea155343849afca4eac320bddac90335fc2e84eac19291c5af88eaa
167,user166,b9b8ffeb2ea155343849afca4eac320bddac90335fc2e84eac19291c5af88eaa
168,user167,b9b8ffeb2ea155343849afca4eac320bddac90335fc2e84eac19291c5af88eaa
169,user168,b9b8ffeb2ea155343849afca4eac320bddac90335fc2e84eac19291c5af88eaa
170,user169,b9b8ffeb2ea155343849afca4eac320bddac90335fc2e84eac19291c5af88eaa
171,user170,b9b8ffeb2ea155343849afca4eac320bddac90335fc2e84eac19291c5af88eaa
172,user171,b9b8ffeb2ea155343849afca4eac320bddac90335fc2e84eac19291c5af88eaa
173,user172,b9b8ffeb2ea155343849afca4eac320bddac90335fc2e84eac19291c5af88eaa
174,user173,b9b8ffeb2ea155343849afca4eac320bddac90335fc2e84eac19291c5af88eaa
175,user174,b9b8ffeb2ea155343849afca4eac320bddac90335fc2e84eac19291c5af88eaa
176,user175,b9b8ffeb2ea155343849afca4eac320bddac90335fc2e84eac19291c5af88eaa
177,user176,b9b8ffeb2ea155343849afca4eac320bddac90335fc2e84eac19291c5af88eaa
178,user177,b9b8ffeb2ea155343849afca4eac320bddac90335fc2e84eac19291c5af88eaa
179,user178,b9b8ffeb2ea155343849afca4eac320bddac90335fc2e84eac19291c5af88eaa
180,user179,b9b8ffeb2ea155343849afca4eac320bddac90335fc2e84eac19291c5af88eaa
181,user180,b9b8ffeb2ea155343849afca4eac320bddac90335fc2e84eac19291c5af88eaa
182,user181,b9b8ffeb2ea155343849afca4eac320bddac90335fc2e84eac19291c5af88eaa
183,user182,b9b8ffeb2ea155343849afca4eac320bddac90335fc2e84eac19291c5af88eaa
184,user183,b9b8ffeb2ea155343849afca4eac320bddac90335fc2e84eac19291c5af88eaa
185,user184,b9b8ffeb2ea155343849afca4eac320bddac90335fc2e84eac19291c5af88eaa
186,user185,b9b8ffeb2ea155343849afca4eac320bddac90335fc2e84eac19291c5af88eaa
187,user186,b9b8ffeb2ea155343849afca4eac320bddac90335fc2e84eac19291c5af88eaa
188,user187,b9b8ffeb2ea155343849afca4eac320bddac90335fc2e84eac19291c5af88eaa
189,user188,b9b8ffeb2ea155343849afca4eac320bddac90335fc2e84eac19291c5af88eaa
190,user189,b9b8ffeb2ea155343849afca4eac320bddac90335fc2e84eac19291c5af88eaa
191,user190,b9b8ffeb2ea155343849afca4eac320bddac90335fc2e84eac19291c5af88eaa
192,user191,b9b8ffeb2ea155343849afca4eac320bddac90335fc2e84eac19291c5af88eaa
193,user192,b9b8ffeb2ea155343849afca4eac320bddac90335fc2e84eac19291c5af88eaa
194,user193,b9b8ffeb2ea155343849afca4eac320bddac90335fc2e84eac19291c5af88eaa
195,user194,b9b8ffeb2ea155343849afca4eac320bddac90335fc2e84eac19291c5af88eaa
196,user195,b9b8ffeb2ea155343849afca4eac320bddac90335fc2e84eac19291c5af88eaa
197,user196,b9b8ffeb2ea155343849afca4eac320bddac90335fc2e84eac19291c5af88eaa
198,user197,b9b8ffeb2ea155343849afca4eac320bddac90335fc2e84eac19291c5af88eaa
199,user198,b9b8ffeb2ea155343849afca4eac320bddac90335fc2e84eac19291c5af88eaa
200,user199,b9b8ffeb2ea155343849afca4eac320bddac90335fc2e84eac19291c5af88eaa
201,user200,b9b8ffeb2ea155343849afca4eac320bddac90335fc2e84eac19291c5af88eaa
202,user201,b9b8ffeb2ea155343849afca4eac320bddac90335fc2e84eac19291c5af88eaa
203,user202,b9b8ffeb2ea155343849afca4eac320bddac90335fc2e84eac19291c5af88eaa
204,user203,b9b8ffeb2ea155343849afca4eac320bddac90335fc2e84eac19291c5af88eaa
205,user204,b9b8ffeb2ea155343849afca4eac320bddac90335fc2e84eac19291c5af88eaa
206,user205,b9b8ffeb2ea155343849afca4eac320bddac90335fc2e84eac19291c5af88eaa
207,user206,b9b8ffeb2ea155343849afca4eac320bddac90335fc2e84eac19291c5af88eaa
208,user207,b9b8ffeb2ea155343849afca4eac320bddac90335fc2e84eac19291c5af88eaa
209,user208,b9b8ffeb2ea155343849afca4eac320bddac90335fc2e84eac19291c5af88eaa
210,user209,b9b8ffeb2ea155343849afca4eac320bddac90335fc2e84eac19291c5af88eaa
211,user210,b9b8ffeb2ea155343849afca4eac320bddac90335fc2e84eac19291c5af88eaa
212,user211,b9b8ffeb2ea155343849afca4eac320bddac90335fc2e84eac19291c5af88eaa
213,user212,b9b8ffeb2ea155343849afca4eac320bddac90335fc2e84eac19291c5af88eaa
214,user213,b9b8ffeb2ea155343849afca4eac320bddac90335fc2e84eac19291c5af88eaa
215,user214,b9b8ffeb2ea155343849afca4eac320bddac90335fc2e84eac19291c5af88eaa
216,user215,b9b8ffeb2ea155343849afca4eac320bddac90335fc2e84eac19291c5af88eaa
217,user216,b9b8ffeb2ea155343849afca4eac320bddac90335fc2e84eac19291c5af88eaa
218,user217,b9b8ffeb2ea155343849afca4eac320bddac90335fc2e84eac19291c5af88eaa
219,user218,b9b8ffeb2ea155343849afca4eac320bddac90335fc2e84eac19291c5af88eaa
220,user219,b9b8ffeb2ea155343849afca4eac320bddac90335fc2e84eac19291c5af88eaa
221,user220,b9b8ffeb2ea155343849afca4eac320bddac90335fc2e84eac19291c5af88eaa
222,user221,b9b8ffeb2ea155343849afca4eac320bddac90335fc2e84eac19291c5af88eaa
223,user222,b9b8ffeb2ea155343849afca4eac320bddac90335fc2e84eac19291c5af88eaa
224,user223,b9b8ffeb2ea155343849afca4eac320bddac90335fc2e84eac19291c5af88eaa
225,user224,b9b8ffeb2ea155343849afca4eac320bddac90335fc2e84eac19291c5af88eaa
226,user225,b9b8ffeb2ea155343849afca4eac320bddac90335fc2e84eac19291c5af88eaa
227,user226,b9b8ffeb2ea155343849afca4eac320bddac90335fc2e84eac19291c5af88eaa
228,user227,b9b8ffeb2ea155343849afca4eac320bddac90335fc2e84eac19291c5af88eaa
229,user228,b9b8ffeb2ea155343849afca4eac320bddac90335fc2e84eac19291c5af88eaa
230,user229,b9b8ffeb2ea155343849afca4eac320bddac90335fc2e84eac19291c5af88eaa
231,user230,b9b8ffeb2ea155343849afca4eac320bddac90335fc2e84eac19291c5af88eaa
232,user231,b9b8ffeb2ea155343849afca4eac320bddac90335fc2e84eac19291c5af88eaa
233,user232,b9b8ffeb2ea155343849afca4eac320bddac90335fc2e84eac19291c5af88eaa
234,user233,b9b8ffeb2ea155343849afca4eac320bddac90335fc2e84eac19291c5af88eaa
235,user234,b9b8ffeb2ea155343849afca4eac320bddac90335fc2e84eac19291c5af88eaa
236,user235,b9b8ffeb2ea155343849afca4eac320bddac90335fc2e84eac19291c5af88eaa
237,user236,b9b8ffeb2ea155343849afca4eac320bddac90335fc2e84eac19291c5af88eaa
238,user237,b9b8ffeb2ea155343849afca4eac320bddac90335fc2e84eac19291c5af88eaa
239,user238,b9b8ffeb2ea155343849afca4eac320bddac90335fc2e84eac19291c5af88eaa
240,user239,b9b8ffeb2ea155343849afca4eac320bddac90335fc2e84eac19291c5af88eaa
241,user240,b9b8ffeb2ea155343849afca4eac320bddac90335fc2e84eac19291c5af88eaa
242,user241,b9b8ffeb2ea155343849afca4eac320bddac90335fc2e84eac19291c5af88eaa
243,user242,b9b8ffeb2ea155343849afca4eac320bddac90335fc2e84eac19291c5af88eaa
244,user243,b9b8ffeb2ea155343849afca4eac320bddac90335fc2e84eac19291c5af88eaa
245,user244,b9b8ffeb2ea155343849afca4eac320bddac90335fc2e84eac19291c5af88eaa
246,user245,b9b8ffeb2ea155343849afca4eac320bddac90335fc2e84eac19291c5af88eaa
247,user246,b9b8ffeb2ea155343849afca4eac320bddac90335fc2e84eac19291c5af88eaa
248,user247,b9b8ffeb2ea155343849afca4eac320bddac90335fc2e84eac19291c5af88eaa
249,user248,b9b8ffeb2ea155343849afca4eac320bddac90335fc2e84eac19291c5af88eaa
250,user249,b9b8ffeb2ea155343849afca4eac320bddac90335fc2e84eac19291c5af88eaa
251,user250,b9b8ffeb2ea155343849afca4eac320bddac90335fc2e84eac19291c5af88eaa
252,user251,b9b8ffeb2ea155343849afca4eac320bddac90335fc2e84eac19291c5af88eaa
253,user252,b9b8ffeb2ea155343849afca4eac320bddac90335fc2e84eac19291c5af88eaa
254,user253,b9b8ffeb2ea155343849afca4eac320bddac90335fc2e84eac19291c5af88eaa
255,user254,b9b8ffeb2ea155343849afca4eac320bddac90335fc2e84eac19291c5af88eaa
256,user255,b9b8ffeb2ea155343849afca4eac320bddac90335fc2e84eac19291c5af88eaa
257,user256,b9b8ffeb2ea155343849afca4eac320bddac90335fc2e84eac19291c5af88eaa
258,user257,b9b8ffeb2ea155343849afca4eac320bddac90335fc2e84eac19291c5af88eaa
259,user258,b9b8ffeb2ea155343849afca4eac320bddac90335fc2e84eac19291c5af88eaa
260,user259,b9b8ffeb2ea155343849afca4eac320bddac90335fc2e84eac19291c5af88eaa
261,user260,b9b8ffeb2ea155343849afca4eac320bddac90335fc2e84eac19291c5af88eaa
262,user261,b9b8ffeb2ea155343849afca4eac320bddac90335fc2e84eac19291c5af88eaa
263,user262,b9b8ffeb2ea155343849afca4eac320bddac90335fc2e84eac19291c5af88eaa
264,user263,b9b8ffeb2ea155343849afca4eac320bddac90335fc2e84eac19291c5af88eaa
265,user264,b9b8ffeb2ea155343849afca4eac320bddac90335fc2e84eac19291c5af88eaa
266,user265,b9b8ffeb2ea155343849afca4eac320bddac90335fc2e84eac19291c5af88eaa
267,user266,b9b8ffeb2ea155343849afca4eac320bddac90335fc2e84eac19291c5af88eaa
268,user267,b9b8ffeb2ea155343849afca4eac320bddac90335fc2e84eac19291c5af88eaa
269,user268,b9b8ffeb2ea155343849afca4eac320bddac90335fc2e84eac19291c5af88eaa
270,user269,b9b8ffeb2ea155343849afca4eac320bddac90335fc2e84eac19291c5af88eaa
271,user270,b9b8ffeb2ea155343849afca4eac320bddac90335fc2e84eac19291c5af88eaa
272,user271,b9b8ffeb2ea155343849afca4eac320bddac90335fc2e84eac19291c5af88eaa
273,user272,b9b8ffeb2ea155343849afca4eac320bddac90335fc2e84eac19291c5af88eaa
274,user273,b9b8ffeb2ea155343849afca4eac320bddac90335fc2e84eac19291c5af88eaa
275,user274,b9b8ffeb2ea155343849afca4eac320bddac90335fc2e84eac19291c5af88eaa
276,user275,b9b8ffeb2ea155343849afca4eac320bddac90335fc2e84eac19291c5af88eaa
277,user276,b9b8ffeb2ea155343849afca4eac320bddac90335fc2e84eac19291c5af88eaa
278,user277,b9b8ffeb2ea155343849afca4eac320bddac90335fc2e84eac19291c5af88eaa
279,user278,b9b8ffeb2ea155343849afca4eac320bddac90335fc2e84eac19291c5af88eaa
280,user279,b9b8ffeb2ea155343849afca4eac320bddac90335fc2e84eac19291c5af88eaa
281,user280,b9b8ffeb2ea155343849afca4eac320bddac90335fc2e84eac19291c5af88eaa
282,user281,b9b8ffeb2ea155343849afca4eac320bddac90335fc2e84eac19291c5af88eaa
283,user282,b9b8ffeb2ea155343849afca4eac320bddac90335fc2e84eac19291c5af88eaa
284,user283,b9b8ffeb2ea155343849afca4eac320bddac90335fc2e84eac19291c5af88eaa
285,user284,b9b8ffeb2ea155343849afca4eac320bddac90335fc2e84eac19291c5af88eaa
286,user285,b9b8ffeb2ea155343849afca4eac320bddac90335fc2e84eac19291c5af88eaa
287,user286,b9b8ffeb2ea155343849afca4eac320bddac90335fc2e84eac19291c5af88eaa
288,user287,b9b8ffeb2ea155343849afca4eac320bddac90335fc2e84eac19291c5af88eaa
289,user288,b9b8ffeb2ea155343849afca4eac320bddac90335fc2e84eac19291c5af88eaa
290,user289,b9b8ffeb2ea155343849afca4eac320bddac90335fc2e84eac19291c5af88eaa
291,user290,b9b8ffeb2ea155343849afca4eac320bddac90335fc2e84eac19291c5af88eaa
292,user291,b9b8ffeb2ea155343849afca4eac320bddac90335fc2e84eac19291c5af88eaa
293,user292,b9b8ffeb2ea155343849afca4eac320bddac90335fc2e84eac19291c5af88eaa
294,user293,b9b8ffeb2ea155343849afca4eac320bddac90335fc2e84eac19291c5af88eaa
295,user294,b9b8ffeb2ea155343849afca4eac320bddac90335fc2e84eac19291c5af88eaa
296,user295,b9b8ffeb2ea155343849afca4eac320bddac90335fc2e84eac19291c5af88eaa
297,user296,b9b8ffeb2ea155343849afca4eac320bddac90335fc2e84eac19291c5af88eaa
298,user297,b9b8ffeb2ea155343849afca4eac320bddac90335fc2e84eac19291c5af88eaa
299,user298,b9b8ffeb2ea155343849afca4eac320bddac90335fc2e84eac19291c5af88eaa
300,user299,b9b8ffeb2ea155343849afca4eac320bddac90335fc2e84eac19291c5af88eaa
301,user300,b9b8ffeb2ea155343849afca4eac320bddac90335fc2e84eac19291c5af88eaa
302,user301,b9b8ffeb2ea155343849afca4eac320bddac90335fc2e84eac19291c5af88eaa
303,user302,b9b8ffeb2ea155343849afca4eac320bddac90335fc2e84eac19291c5af88eaa
304,user303,b9b8ffeb2ea155343849afca4eac320bddac90335fc2e84eac19291c5af88eaa
305,user304,b9b8ffeb2ea155343849afca4eac320bddac90335fc2e84eac19291c5af88eaa
306,user305,b9b8ffeb2ea155343849afca4eac320bddac90335fc2e84eac19291c5af88eaa
307,user306,b9b8ffeb2ea155343849afca4eac320bddac90335fc2e84eac19291c5af88eaa
308,user307,b9b8ffeb2ea155343849afca4eac320bddac90335fc2e84eac19291c5af88eaa
309,user308,b9b8ffeb2ea155343849afca4eac320bddac90335fc2e84eac19291c5af88eaa
310,user309,b9b8ffeb2ea155343849afca4eac320bddac90335fc2e84eac19291c5af88eaa
311,user310,b9b8ffeb2ea155343849afca4eac320bddac90335fc2e84eac19291c5af88eaa
312,user311,b9b8ffeb2ea155343849afca4eac320bddac90335fc2e84eac19291c5af88eaa
313,user312,b9b8ffeb2ea155343849afca4eac320bddac90335fc2e84eac19291c5af88eaa
314,user313,b9b8ffeb2ea155343849afca4eac320bddac90335fc2e84eac19291c5af88eaa
315,user314,b9b8ffeb2ea155343849afca4eac320bddac90335fc2e84eac19291c5af88eaa
316,user315,b9b8ffeb2ea155343849afca4eac320bddac90335fc2e84eac19291c5af88eaa
317,user316,b9b8ffeb2ea155343849afca4eac320bddac90335fc2e84eac19291c5af88eaa
318,user317,b9b8ffeb2ea155343849afca4eac320bddac90335fc2e84eac19291c5af88eaa
319,user318,b9b8ffeb2ea155343849afca4eac320bddac90335fc2e84eac19291c5af88eaa
320,user319,b9b8ffeb2ea155343849afca4eac320bddac90335fc2e84eac19291c5af88eaa
321,user320,b9b8ffeb2ea155343849afca4eac320bddac90335fc2e84eac19291c5af88eaa
322,user321,b9b8ffeb2ea155343849afca4eac320bddac90335fc2e84eac19291c5af88eaa
323,user322,b9b8ffeb2ea155343849afca4eac320bddac90335fc2e84eac19291c5af88eaa
324,user323,b9b8ffeb2ea155343849afca4eac320bddac90335fc2e84eac19291c5af88eaa
325,user324,b9b8ffeb2ea155343849afca4eac320bddac90335fc2e84eac19291c5af88eaa
326,user325,b9b8ffeb2ea155343849afca4eac320bddac90335fc2e84eac19291c5af88eaa
327,user326,b9b8ffeb2ea155343849afca4eac320bddac90335fc2e84eac19291c5af88eaa
328,user327,b9b8ffeb2ea155343849afca4eac320bddac90335fc2e84eac19291c5af88eaa
329,user328,b9b8ffeb2ea155343849afca4eac320bddac90335fc2e84eac19291c5af88eaa
330,user329,b9b8ffeb2ea155343849afca4eac320bddac90335fc2e84eac19291c5af88eaa
331,user330,b9b8ffeb2ea155343849afca4eac320bddac90335fc2e84eac19291c5af88eaa
332,user331,b9b8ffeb2ea155343849afca4eac320bddac90335fc2e84eac19291c5af88eaa
333,user332,b9b8ffeb2ea155343849afca4eac320bddac90335fc2e84eac19291c5af88eaa
334,user333,b9b8ffeb2ea155343849afca4eac320bddac90335fc2e84eac19291c5af88eaa
335,user334,b9b8ffeb2ea155343849afca4eac320bddac90335fc2e84eac19291c5af88eaa
336,user335,b9b8ffeb2ea155343849afca4eac320bddac90335fc2e84eac19291c5af88eaa
337,user336,b9b8ffeb2ea155343849afca4eac320bddac90335fc2e84eac19291c5af88eaa
338,user337,b9b8ffeb2ea155343849afca4eac320bddac90335fc2e84eac19291c5af88eaa
339,user338,b9b8ffeb2ea155343849afca4eac320bddac90335fc2e84eac19291c5af88eaa
340,user339,b9b8ffeb2ea155343849afca4eac320bddac90335fc2e84eac19291c5af88eaa
341,user340,b9b8ffeb2ea155343849afca4eac320bddac90335fc2e84eac19291c5af88eaa
342,user341,b9b8ffeb2ea155343849afca4eac320bddac90335fc2e84eac19291c5af88eaa
343,user342,b9b8ffeb2ea155343849afca4eac320bddac90335fc2e84eac19291c5af88eaa
344,user343,b9b8ffeb2ea155343849afca4eac320bddac90335fc2e84eac19291c5af88eaa
345,user344,b9b8ffeb2ea155343849afca4eac320bddac90335fc2e84eac19291c5af88eaa
346,user345,b9b8ffeb2ea155343849afca4eac320bddac90335fc2e84eac19291c5af88eaa
347,user346,b9b8ffeb2ea155343849afca4eac320bddac90335fc2e84eac19291c5af88eaa
348,user347,b9b8ffeb2ea155343849afca4eac320bddac90335fc2e84eac19291c5af88eaa
349,user348,b9b8ffeb2ea155343849afca4eac320bddac90335fc2e84eac19291c5af88eaa
350,user349,b9b8ffeb2ea155343849afca4eac320bddac90335fc2e84eac19291c5af88eaa
351,user350,b9b8ffeb2ea155343849afca4eac320bddac90335fc2e84eac19291c5af88eaa
352,user351,b9b8ffeb2ea155343849afca4eac320bddac90335fc2e84eac19291c5af88eaa
353,user352,b9b8ffeb2ea155343849afca4eac320bddac90335fc2e84eac19291c5af88eaa
354,user353,b9b8ffeb2ea155343849afca4eac320bddac90335fc2e84eac19291c5af88eaa
355,user354,b9b8ffeb2ea155343849afca4eac320bddac90335fc2e84eac19291c5af88eaa
356,user355,b9b8ffeb2ea155343849afca4eac320bddac90335fc2e84eac19291c5af88eaa
357,user356,b9b8ffeb2ea155343849afca4eac320bddac90335fc2e84eac19291c5af88eaa
358,user357,b9b8ffeb2ea155343849afca4eac320bddac90335fc2e84eac19291c5af88eaa
359,user358,b9b8ffeb2ea155343849afca4eac320bddac90335fc2e84eac19291c5af88eaa
360,user359,b9b8ffeb2ea155343849afca4eac320bddac90335fc2e84eac19291c5af88eaa
361,user360,b9b8ffeb2ea155343849afca4eac320bddac90335fc2e84eac19291c5af88eaa
362,user361,b9b8ffeb2ea155343849afca4eac320bddac90335fc2e84eac19291c5af88eaa
363,user362,b9b8ffeb2ea155343849afca4eac320bddac90335fc2e84eac19291c5af88eaa
364,user363,b9b8ffeb2ea155343849afca4eac320bddac90335fc2e84eac19291c5af88eaa
365,user364,b9b8ffeb2ea155343849afca4eac320bddac90335fc2e84eac19291c5af88eaa
366,user365,b9b8ffeb2ea155343849afca4eac320bddac90335fc2e84eac19291c5af88eaa
367,user366,b9b8ffeb2ea155343849afca4eac320bddac90335fc2e84eac19291c5af88eaa
368,user367,b9b8ffeb2ea155343849afca4eac320bddac90335fc2e84eac19291c5af88eaa
369,user368,b9b8ffeb2ea155343849afca4eac320bddac90335fc2e84eac19291c5af88eaa
370,user369,b9b8ffeb2ea155343849afca4eac320bddac90335fc2e84eac19291c5af88eaa
371,user370,b9b8ffeb2ea155343849afca4eac320bddac90335fc2e84eac19291c5af88eaa
372,user371,b9b8ffeb2ea155343849afca4eac320bddac90335fc2e84eac19291c5af88eaa
373,user372,b9b8ffeb2ea155343849afca4eac320bddac90335fc2e84eac19291c5af88eaa
374,user373,b9b8ffeb2ea155343849afca4eac320bddac90335fc2e84eac19291c5af88eaa
375,user374,b9b8ffeb2ea155343849afca4eac320bddac90335fc2e84eac19291c5af88eaa
376,user375,b9b8ffeb2ea155343849afca4eac320bddac90335fc2e84eac19291c5af88eaa
377,user376,b9b8ffeb2ea155343849afca4eac320bddac90335fc2e84eac19291c5af88eaa
378,user377,b9b8ffeb2ea155343849afca4eac320bddac90335fc2e84eac19291c5af88eaa
379,user378,b9b8ffeb2ea155343849afca4eac320bddac90335fc2e84eac19291c5af88eaa
380,user379,b9b8ffeb2ea155343849afca4eac320bddac90335fc2e84eac19291c5af88eaa
381,user380,b9b8ffeb2ea155343849afca4eac320bddac90335fc2e84eac19291c5af88eaa
382,user381,b9b8ffeb2ea155343849afca4eac320bddac90335fc2e84eac19291c5af88eaa
383,user382,b9b8ffeb2ea155343849afca4eac320bddac90335fc2e84eac19291c5af88eaa
384,user383,b9b8ffeb2ea155343849afca4eac320bddac90335fc2e84eac19291c5af88eaa
385,user384,b9b8ffeb2ea155343849afca4eac320bddac90335fc2e84eac19291c5af88eaa
386,user385,b9b8ffeb2ea155343849afca4eac320bddac90335fc2e84eac19291c5af88eaa
387,user386,b9b8ffeb2ea155343849afca4eac320bddac90335fc2e84eac19291c5af88eaa
388,user387,b9b8ffeb2ea155343849afca4eac320bddac90335fc2e84eac19291c5af88eaa
389,user388,b9b8ffeb2ea155343849afca4eac320bddac90335fc2e84eac19291c5af88eaa
390,user389,b9b8ffeb2ea155343849afca4eac320bddac90335fc2e84eac19291c5af88eaa
391,user390,b9b8ffeb2ea155343849afca4eac320bddac90335fc2e84eac19291c5af88eaa
392,user391,b9b8ffeb2ea155343849afca4eac320bddac90335fc2e84eac19291c5af88eaa
393,user392,b9b8ffeb2ea155343849afca4eac320bddac90335fc2e84eac19291c5af88eaa
394,user393,b9b8ffeb2ea155343849afca4eac320bddac90335fc2e84eac19291c5af88eaa
395,user394,b9b8ffeb2ea155343849afca4eac320bddac90335fc2e84eac19291c5af88eaa
396,user395,b9b8ffeb2ea155343849afca4eac320bddac90335fc2e84eac19291c5af88eaa
397,user396,b9b8ffeb2ea155343849afca4eac320bddac90335fc2e84eac19291c5af88eaa
398,user397,b9b8ffeb2ea155343849afca4eac320bddac90335fc2e84eac19291c5af88eaa
399,user398,b9b8ffeb2ea155343849afca4eac320bddac90335fc2e84eac19291c5af88eaa
400,user399,b9b8ffeb2ea155343849afca4eac320bddac90335fc2e84eac19291c5af88eaa
401,user400,b9b8ffeb2ea155343849afca4eac320bddac90335fc2e84eac19291c5af88eaa
402,user401,b9b8ffeb2ea155343849afca4eac320bddac90335fc2e84eac19291c5af88eaa
403,user402,b9b8ffeb2ea155343849afca4eac320bddac90335fc2e84eac19291c5af88eaa
404,user403,b9b8ffeb2ea155343849afca4eac320bddac90335fc2e84eac19291c5af88eaa
405,user404,b9b8ffeb2ea155343849afca4eac320bddac90335fc2e84eac19291c5af88eaa
406,user405,b9b8ffeb2ea155343849afca4eac320bddac90335fc2e84eac19291c5af88eaa
407,user406,b9b8ffeb2ea155343849afca4eac320bddac90335fc2e84eac19291c5af88eaa
408,user407,b9b8ffeb2ea155343849afca4eac320bddac90335fc2e84eac19291c5af88eaa
409,user408,b9b8ffeb2ea155343849afca4eac320bddac90335fc2e84eac19291c5af88eaa
410,user409,b9b8ffeb2ea155343849afca4eac320bddac90335fc2e84eac19291c5af88eaa
411,user410,b9b8ffeb2ea155343849afca4eac320bddac90335fc2e84eac19291c5af88eaa
412,user411,b9b8ffeb2ea155343849afca4eac320bddac90335fc2e84eac19291c5af88eaa
413,user412,b9b8ffeb2ea155343849afca4eac320bddac90335fc2e84eac19291c5af88eaa
414,user413,b9b8ffeb2ea155343849afca4eac320bddac90335fc2e84eac19291c5af88eaa
415,user414,b9b8ffeb2ea155343849afca4eac320bddac90335fc2e84eac19291c5af88eaa
416,user415,b9b8ffeb2ea155343849afca4eac320bddac90335fc2e84eac19291c5af88eaa
417,user416,b9b8ffeb2ea155343849afca4eac320bddac90335fc2e84eac19291c5af88eaa
418,user417,b9b8ffeb2ea155343849afca4eac320bddac90335fc2e84eac19291c5af88eaa
419,user418,b9b8ffeb2ea155343849afca4eac320bddac90335fc2e84eac19291c5af88eaa
420,user419,b9b8ffeb2ea155343849afca4eac320bddac90335fc2e84eac19291c5af88eaa
421,user420,b9b8ffeb2ea155343849afca4eac320bddac90335fc2e84eac19291c5af88eaa
422,user421,b9b8ffeb2ea155343849afca4eac320bddac90335fc2e84eac19291c5af88eaa
423,user422,b9b8ffeb2ea155343849afca4eac320bddac90335fc2e84eac19291c5af88eaa
424,user423,b9b8ffeb2ea155343849afca4eac320bddac90335fc2e84eac19291c5af88eaa
425,user424,b9b8ffeb2ea155343849afca4eac320bddac90335fc2e84eac19291c5af88eaa
426,user425,b9b8ffeb2ea155343849afca4eac320bddac90335fc2e84eac19291c5af88eaa
427,user426,b9b8ffeb2ea155343849afca4eac320bddac90335fc2e84eac19291c5af88eaa
428,user427,b9b8ffeb2ea155343849afca4eac320bddac90335fc2e84eac19291c5af88eaa
429,user428,b9b8ffeb2ea155343849afca4eac320bddac90335fc2e84eac19291c5af88eaa
430,user429,b9b8ffeb2ea155343849afca4eac320bddac90335fc2e84eac19291c5af88eaa
431,user430,b9b8ffeb2ea155343849afca4eac320bddac90335fc2e84eac19291c5af88eaa
432,user431,b9b8ffeb2ea155343849afca4eac320bddac90335fc2e84eac19291c5af88eaa
433,user432,b9b8ffeb2ea155343849afca4eac320bddac90335fc2e84eac19291c5af88eaa
434,user433,b9b8ffeb2ea155343849afca4eac320bddac90335fc2e84eac19291c5af88eaa
435,user434,b9b8ffeb2ea155343849afca4eac320bddac90335fc2e84eac19291c5af88eaa
436,user435,b9b8ffeb2ea155343849afca4eac320bddac90335fc2e84eac19291c5af88eaa
437,user436,b9b8ffeb2ea155343849afca4eac320bddac90335fc2e84eac19291c5af88eaa
438,user437,b9b8ffeb2ea155343849afca4eac320bddac90335fc2e84eac19291c5af88eaa
439,user438,b9b8ffeb2ea155343849afca4eac320bddac90335fc2e84eac19291c5af88eaa
440,user439,b9b8ffeb2ea155343849afca4eac320bddac90335fc2e84eac19291c5af88eaa
441,user440,b9b8ffeb2ea155343849afca4eac320bddac90335fc2e84eac19291c5af88eaa
442,user441,b9b8ffeb2ea155343849afca4eac320bddac90335fc2e84eac19291c5af88eaa
443,user442,b9b8ffeb2ea155343849afca4eac320bddac90335fc2e84eac19291c5af88eaa
444,user443,b9b8ffeb2ea155343849afca4eac320bddac90335fc2e84eac19291c5af88eaa
445,user444,b9b8ffeb2ea155343849afca4eac320bddac90335fc2e84eac19291c5af88eaa
446,user445,b9b8ffeb2ea155343849afca4eac320bddac90335fc2e84eac19291c5af88eaa
447,user446,b9b8ffeb2ea155343849afca4eac320bddac90335fc2e84eac19291c5af88eaa
448,user447,b9b8ffeb2ea155343849afca4eac320bddac90335fc2e84eac19291c5af88eaa
449,user448,b9b8ffeb2ea155343849afca4eac320bddac90335fc2e84eac19291c5af88eaa
450,user449,b9b8ffeb2ea155343849afca4eac320bddac90335fc2e84eac19291c5af88eaa
451,user450,b9b8ffeb2ea155343849afca4eac320bddac90335fc2e84eac19291c5af88eaa
452,user451,b9b8ffeb2ea155343849afca4eac320bddac90335fc2e84eac19291c5af88eaa
453,user452,b9b8ffeb2ea155343849afca4eac320bddac90335fc2e84eac19291c5af88eaa
454,user453,b9b8ffeb2ea155343849afca4eac320bddac90335fc2e84eac19291c5af88eaa
455,user454,b9b8ffeb2ea155343849afca4eac320bddac90335fc2e84eac19291c5af88eaa
456,user455,b9b8ffeb2ea155343849afca4eac320bddac90335fc2e84eac19291c5af88eaa
457,user456,b9b8ffeb2ea155343849afca4eac320bddac90335fc2e84eac19291c5af88eaa
458,user457,b9b8ffeb2ea155343849afca4eac320bddac90335fc2e84eac19291c5af88eaa
459,user458,b9b8ffeb2ea155343849afca4eac320bddac90335fc2e84eac19291c5af88eaa
460,user459,b9b8ffeb2ea155343849afca4eac320bddac90335fc2e84eac19291c5af88eaa
461,user460,b9b8ffeb2ea155343849afca4eac320bddac90335fc2e84eac19291c5af88eaa
462,user461,b9b8ffeb2ea155343849afca4eac320bddac90335fc2e84eac19291c5af88eaa
463,user462,b9b8ffeb2ea155343849afca4eac320bddac90335fc2e84eac19291c5af88eaa
464,user463,b9b8ffeb2ea155343849afca4eac320bddac90335fc2e84eac19291c5af88eaa
465,user464,b9b8ffeb2ea155343849afca4eac320bddac90335fc2e84eac19291c5af88eaa
466,user465,b9b8ffeb2ea155343849afca4eac320bddac90335fc2e84eac19291c5af88eaa
467,user466,b9b8ffeb2ea155343849afca4eac320bddac90335fc2e84eac19291c5af88eaa
468,user467,b9b8ffeb2ea155343849afca4eac320bddac90335fc2e84eac19291c5af88eaa
469,user468,b9b8ffeb2ea155343849afca4eac320bddac90335fc2e84eac19291c5af88eaa
470,user469,b9b8ffeb2ea155343849afca4eac320bddac90335fc2e84eac19291c5af88eaa
471,user470,b9b8ffeb2ea155343849afca4eac320bddac90335fc2e84eac19291c5af88eaa
472,user471,b9b8ffeb2ea155343849afca4eac320bddac90335fc2e84eac19291c5af88eaa
473,user472,b9b8ffeb2ea155343849afca4eac320bddac90335fc2e84eac19291c5af88eaa
474,user473,b9b8ffeb2ea155343849afca4eac320bddac90335fc2e84eac19291c5af88eaa
475,user474,b9b8ffeb2ea155343849afca4eac320bddac90335fc2e84eac19291c5af88eaa
476,user475,b9b8ffeb2ea155343849afca4eac320bddac90335fc2e84eac19291c5af88eaa
477,user476,b9b8ffeb2ea155343849afca4eac320bddac90335fc2e84eac19291c5af88eaa
478,user477,b9b8ffeb2ea155343849afca4eac320bddac90335fc2e84eac19291c5af88eaa
479,user478,b9b8ffeb2ea155343849afca4eac320bddac90335fc2e84eac19291c5af88eaa
480,user479,b9b8ffeb2ea155343849afca4eac320bddac90335fc2e84eac19291c5af88eaa
481,user480,b9b8ffeb2ea155343849afca4eac320bddac90335fc2e84eac19291c5af88eaa
482,user481,b9b8ffeb2ea155343849afca4eac320bddac90335fc2e84eac19291c5af88eaa
483,user482,b9b8ffeb2ea155343849afca4eac320bddac90335fc2e84eac19291c5af88eaa
484,user483,b9b8ffeb2ea155343849afca4eac320bddac90335fc2e84eac19291c5af88eaa
485,user484,b9b8ffeb2ea155343849afca4eac320bddac90335fc2e84eac19291c5af88eaa
486,user485,b9b8ffeb2ea155343849afca4eac320bddac90335fc2e84eac19291c5af88eaa
487,user486,b9b8ffeb2ea155343849afca4eac320bddac90335fc2e84eac19291c5af88eaa
488,user487,b9b8ffeb2ea155343849afca4eac320bddac90335fc2e84eac19291c5af88eaa
489,user488,b9b8ffeb2ea155343849afca4eac320bddac90335fc2e84eac19291c5af88eaa
490,user489,b9b8ffeb2ea155343849afca4eac320bddac90335fc2e84eac19291c5af88eaa
491,user490,b9b8ffeb2ea155343849afca4eac320bddac90335fc2e84eac19291c5af88eaa
492,user491,b9b8ffeb2ea155343849afca4eac320bddac90335fc2e84eac19291c5af88eaa
493,user492,b9b8ffeb2ea155343849afca4eac320bddac90335fc2e84eac19291c5af88eaa
494,user493,b9b8ffeb2ea155343849afca4eac320bddac90335fc2e84eac19291c5af88eaa
495,user494,b9b8ffeb2ea155343849afca4eac320bddac90335fc2e84eac19291c5af88eaa
496,user495,b9b8ffeb2ea155343849afca4eac320bddac90335fc2e84eac19291c5af88eaa
497,user496,b9b8ffeb2ea155343849afca4eac320bddac90335fc2e84eac19291c5af88eaa
498,user497,b9b8ffeb2ea155343849afca4eac320bddac90335fc2e84eac19291c5af88eaa
499,user498,b9b8ffeb2ea155343849afca4eac320bddac90335fc2e84eac19291c5af88eaa
500,user499,b9b8ffeb2ea155343849afca4eac320bddac90335fc2e84eac19291c5af88eaa
501,user500,b9b8ffeb2ea155343849afca4eac320bddac90335fc2e84eac19291c5af88eaa
502,user501,b9b8ffeb2ea155343849afca4eac320bddac90335fc2e84eac19291c5af88eaa
503,user502,b9b8ffeb2ea155343849afca4eac320bddac90335fc2e84eac19291c5af88eaa
504,user503,b9b8ffeb2ea155343849afca4eac320bddac90335fc2e84eac19291c5af88eaa
505,user504,b9b8ffeb2ea155343849afca4eac320bddac90335fc2e84eac19291c5af88eaa
506,user505,b9b8ffeb2ea155343849afca4eac320bddac90335fc2e84eac19291c5af88eaa
507,user506,b9b8ffeb2ea155343849afca4eac320bddac90335fc2e84eac19291c5af88eaa
508,user507,b9b8ffeb2ea155343849afca4eac320bddac90335fc2e84eac19291c5af88eaa
509,user508,b9b8ffeb2ea155343849afca4eac320bddac90335fc2e84eac19291c5af88eaa
510,user509,b9b8ffeb2ea155343849afca4eac320bddac90335fc2e84eac19291c5af88eaa
511,user510,b9b8ffeb2ea155343849afca4eac320bddac90335fc2e84eac19291c5af88eaa
512,user511,b9b8ffeb2ea155343849afca4eac320bddac90335fc2e84eac19291c5af88eaa
513,user512,b9b8ffeb2ea155343849afca4eac320bddac90335fc2e84eac19291c5af88eaa
514,user513,b9b8ffeb2ea155343849afca4eac320bddac90335fc2e84eac19291c5af88eaa
515,user514,b9b8ffeb2ea155343849afca4eac320bddac90335fc2e84eac19291c5af88eaa
516,user515,b9b8ffeb2ea155343849afca4eac320bddac90335fc2e84eac19291c5af88eaa
517,user516,b9b8ffeb2ea155343849afca4eac320bddac90335fc2e84eac19291c5af88eaa
518,user517,b9b8ffeb2ea155343849afca4eac320bddac90335fc2e84eac19291c5af88eaa
519,user518,b9b8ffeb2ea155343849afca4eac320bddac90335fc2e84eac19291c5af88eaa
520,user519,b9b8ffeb2ea155343849afca4eac320bddac90335fc2e84eac19291c5af88eaa
521,user520,b9b8ffeb2ea155343849afca4eac320bddac90335fc2e84eac19291c5af88eaa
522,user521,b9b8ffeb2ea155343849afca4eac320bddac90335fc2e84eac19291c5af88eaa
523,user522,b9b8ffeb2ea155343849afca4eac320bddac90335fc2e84eac19291c5af88eaa
524,user523,b9b8ffeb2ea155343849afca4eac320bddac90335fc2e84eac19291c5af88eaa
525,user524,b9b8ffeb2ea155343849afca4eac320bddac90335fc2e84eac19291c5af88eaa
526,user525,b9b8ffeb2ea155343849afca4eac320bddac90335fc2e84eac19291c5af88eaa
527,user526,b9b8ffeb2ea155343849afca4eac320bddac90335fc2e84eac19291c5af88eaa
528,user527,b9b8ffeb2ea155343849afca4eac320bddac90335fc2e84eac19291c5af88eaa
529,user528,b9b8ffeb2ea155343849afca4eac320bddac90335fc2e84eac19291c5af88eaa
530,user529,b9b8ffeb2ea155343849afca4eac320bddac90335fc2e84eac19291c5af88eaa
531,user530,b9b8ffeb2ea155343849afca4eac320bddac90335fc2e84eac19291c5af88eaa
532,user531,b9b8ffeb2ea155343849afca4eac320bddac90335fc2e84eac19291c5af88eaa
533,user532,b9b8ffeb2ea155343849afca4eac320bddac90335fc2e84eac19291c5af88eaa
534,user533,b9b8ffeb2ea155343849afca4eac320bddac90335fc2e84eac19291c5af88eaa
535,user534,b9b8ffeb2ea155343849afca4eac320bddac90335fc2e84eac19291c5af88eaa
536,user535,b9b8ffeb2ea155343849afca4eac320bddac90335fc2e84eac19291c5af88eaa
537,user536,b9b8ffeb2ea155343849afca4eac320bddac90335fc2e84eac19291c5af88eaa
538,user537,b9b8ffeb2ea155343849afca4eac320bddac90335fc2e84eac19291c5af88eaa
539,user538,b9b8ffeb2ea155343849afca4eac320bddac90335fc2e84eac19291c5af88eaa
540,user539,b9b8ffeb2ea155343849afca4eac320bddac90335fc2e84eac19291c5af88eaa
541,user540,b9b8ffeb2ea155343849afca4eac320bddac90335fc2e84eac19291c5af88eaa
542,user541,b9b8ffeb2ea155343849afca4eac320bddac90335fc2e84eac19291c5af88eaa
543,user542,b9b8ffeb2ea155343849afca4eac320bddac90335fc2e84eac19291c5af88eaa
544,user543,b9b8ffeb2ea155343849afca4eac320bddac90335fc2e84eac19291c5af88eaa
545,user544,b9b8ffeb2ea155343849afca4eac320bddac90335fc2e84eac19291c5af88eaa
546,user545,b9b8ffeb2ea155343849afca4eac320bddac90335fc2e84eac19291c5af88eaa
547,user546,b9b8ffeb2ea155343849afca4eac320bddac90335fc2e84eac19291c5af88eaa
548,user547,b9b8ffeb2ea155343849afca4eac320bddac90335fc2e84eac19291c5af88eaa
549,user548,b9b8ffeb2ea155343849afca4eac320bddac90335fc2e84eac19291c5af88eaa
550,user549,b9b8ffeb2ea155343849afca4eac320bddac90335fc2e84eac19291c5af88eaa
551,user550,b9b8ffeb2ea155343849afca4eac320bddac90335fc2e84eac19291c5af88eaa
552,user551,b9b8ffeb2ea155343849afca4eac320bddac90335fc2e84eac19291c5af88eaa
553,user552,b9b8ffeb2ea155343849afca4eac320bddac90335fc2e84eac19291c5af88eaa
554,user553,b9b8ffeb2ea155343849afca4eac320bddac90335fc2e84eac19291c5af88eaa
555,user554,b9b8ffeb2ea155343849afca4eac320bddac90335fc2e84eac19291c5af88eaa
556,user555,b9b8ffeb2ea155343849afca4eac320bddac90335fc2e84eac19291c5af88eaa
557,user556,b9b8ffeb2ea155343849afca4eac320bddac90335fc2e84eac19291c5af88eaa
558,user557,b9b8ffeb2ea155343849afca4eac320bddac90335fc2e84eac19291c5af88eaa
559,user558,b9b8ffeb2ea155343849afca4eac320bddac90335fc2e84eac19291c5af88eaa
560,user559,b9b8ffeb2ea155343849afca4eac320bddac90335fc2e84eac19291c5af88eaa
561,user560,b9b8ffeb2ea155343849afca4eac320bddac90335fc2e84eac19291c5af88eaa
562,user561,b9b8ffeb2ea155343849afca4eac320bddac90335fc2e84eac19291c5af88eaa
563,user562,b9b8ffeb2ea155343849afca4eac320bddac90335fc2e84eac19291c5af88eaa
564,user563,b9b8ffeb2ea155343849afca4eac320bddac90335fc2e84eac19291c5af88eaa
565,user564,b9b8ffeb2ea155343849afca4eac320bddac90335fc2e84eac19291c5af88eaa
566,user565,b9b8ffeb2ea155343849afca4eac320bddac90335fc2e84eac19291c5af88eaa
567,user566,b9b8ffeb2ea155343849afca4eac320bddac90335fc2e84eac19291c5af88eaa
568,user567,b9b8ffeb2ea155343849afca4eac320bddac90335fc2e84eac19291c5af88eaa
569,user568,b9b8ffeb2ea155343849afca4eac320bddac90335fc2e84eac19291c5af88eaa
570,user569,b9b8ffeb2ea155343849afca4eac320bddac90335fc2e84eac19291c5af88eaa
571,user570,b9b8ffeb2ea155343849afca4eac320bddac90335fc2e84eac19291c5af88eaa
572,user571,b9b8ffeb2ea155343849afca4eac320bddac90335fc2e84eac19291c5af88eaa
573,user572,b9b8ffeb2ea155343849afca4eac320bddac90335fc2e84eac19291c5af88eaa
574,user573,b9b8ffeb2ea155343849afca4eac320bddac90335fc2e84eac19291c5af88eaa
575,user574,b9b8ffeb2ea155343849afca4eac320bddac90335fc2e84eac19291c5af88eaa
576,user575,b9b8ffeb2ea155343849afca4eac320bddac90335fc2e84eac19291c5af88eaa
577,user576,b9b8ffeb2ea155343849afca4eac320bddac90335fc2e84eac19291c5af88eaa
578,user577,b9b8ffeb2ea155343849afca4eac320bddac90335fc2e84eac19291c5af88eaa
579,user578,b9b8ffeb2ea155343849afca4eac320bddac90335fc2e84eac19291c5af88eaa
580,user579,b9b8ffeb2ea155343849afca4eac320bddac90335fc2e84eac19291c5af88eaa
581,user580,b9b8ffeb2ea155343849afca4eac320bddac90335fc2e84eac19291c5af88eaa
582,user581,b9b8ffeb2ea155343849afca4eac320bddac90335fc2e84eac19291c5af88eaa
583,user582,b9b8ffeb2ea155343849afca4eac320bddac90335fc2e84eac19291c5af88eaa
584,user583,b9b8ffeb2ea155343849afca4eac320bddac90335fc2e84eac19291c5af88eaa
585,user584,b9b8ffeb2ea155343849afca4eac320bddac90335fc2e84eac19291c5af88eaa
586,user585,b9b8ffeb2ea155343849afca4eac320bddac90335fc2e84eac19291c5af88eaa
587,user586,b9b8ffeb2ea155343849afca4eac320bddac90335fc2e84eac19291c5af88eaa
588,user587,b9b8ffeb2ea155343849afca4eac320bddac90335fc2e84eac19291c5af88eaa
589,user588,b9b8ffeb2ea155343849afca4eac320bddac90335fc2e84eac19291c5af88eaa
590,user589,b9b8ffeb2ea155343849afca4eac320bddac90335fc2e84eac19291c5af88eaa
591,user590,b9b8ffeb2ea155343849afca4eac320bddac90335fc2e84eac19291c5af88eaa
592,user591,b9b8ffeb2ea155343849afca4eac320bddac90335fc2e84eac19291c5af88eaa
593,user592,b9b8ffeb2ea155343849afca4eac320bddac90335fc2e84eac19291c5af88eaa
594,user593,b9b8ffeb2ea155343849afca4eac320bddac90335fc2e84eac19291c5af88eaa
595,user594,b9b8ffeb2ea155343849afca4eac320bddac90335fc2e84eac19291c5af88eaa
596,user595,b9b8ffeb2ea155343849afca4eac320bddac90335fc2e84eac19291c5af88eaa
597,user596,b9b8ffeb2ea155343849afca4eac320bddac90335fc2e84eac19291c5af88eaa
598,user597,b9b8ffeb2ea155343849afca4eac320bddac90335fc2e84eac19291c5af88eaa
599,user598,b9b8ffeb2ea155343849afca4eac320bddac90335fc2e84eac19291c5af88eaa
600,user599,b9b8ffeb2ea155343849afca4eac320bddac90335fc2e84eac19291c5af88eaa
601,user600,b9b8ffeb2ea155343849afca4eac320bddac90335fc2e84eac19291c5af88eaa
602,user601,b9b8ffeb2ea155343849afca4eac320bddac90335fc2e84eac19291c5af88eaa
603,user602,b9b8ffeb2ea155343849afca4eac320bddac90335fc2e84eac19291c5af88eaa
604,user603,b9b8ffeb2ea155343849afca4eac320bddac90335fc2e84eac19291c5af88eaa
605,user604,b9b8ffeb2ea155343849afca4eac320bddac90335fc2e84eac19291c5af88eaa
606,user605,b9b8ffeb2ea155343849afca4eac320bddac90335fc2e84eac19291c5af88eaa
607,user606,b9b8ffeb2ea155343849afca4eac320bddac90335fc2e84eac19291c5af88eaa
608,user607,b9b8ffeb2ea155343849afca4eac320bddac90335fc2e84eac19291c5af88eaa
609,user608,b9b8ffeb2ea155343849afca4eac320bddac90335fc2e84eac19291c5af88eaa
610,user609,b9b8ffeb2ea155343849afca4eac320bddac90335fc2e84eac19291c5af88eaa
611,user610,b9b8ffeb2ea155343849afca4eac320bddac90335fc2e84eac19291c5af88eaa
612,user611,b9b8ffeb2ea155343849afca4eac320bddac90335fc2e84eac19291c5af88eaa
613,user612,b9b8ffeb2ea155343849afca4eac320bddac90335fc2e84eac19291c5af88eaa
614,user613,b9b8ffeb2ea155343849afca4eac320bddac90335fc2e84eac19291c5af88eaa
615,user614,b9b8ffeb2ea155343849afca4eac320bddac90335fc2e84eac19291c5af88eaa
616,user615,b9b8ffeb2ea155343849afca4eac320bddac90335fc2e84eac19291c5af88eaa
617,user616,b9b8ffeb2ea155343849afca4eac320bddac90335fc2e84eac19291c5af88eaa
618,user617,b9b8ffeb2ea155343849afca4eac320bddac90335fc2e84eac19291c5af88eaa
619,user618,b9b8ffeb2ea155343849afca4eac320bddac90335fc2e84eac19291c5af88eaa
620,user619,b9b8ffeb2ea155343849afca4eac320bddac90335fc2e84eac19291c5af88eaa
621,user620,b9b8ffeb2ea155343849afca4eac320bddac90335fc2e84eac19291c5af88eaa
622,user621,b9b8ffeb2ea155343849afca4eac320bddac90335fc2e84eac19291c5af88eaa
623,user622,b9b8ffeb2ea155343849afca4eac320bddac90335fc2e84eac19291c5af88eaa
624,user623,b9b8ffeb2ea155343849afca4eac320bddac90335fc2e84eac19291c5af88eaa
625,user624,b9b8ffeb2ea155343849afca4eac320bddac90335fc2e84eac19291c5af88eaa
626,user625,b9b8ffeb2ea155343849afca4eac320bddac90335fc2e84eac19291c5af88eaa
627,user626,b9b8ffeb2ea155343849afca4eac320bddac90335fc2e84eac19291c5af88eaa
628,user627,b9b8ffeb2ea155343849afca4eac320bddac90335fc2e84eac19291c5af88eaa
629,user628,b9b8ffeb2ea155343849afca4eac320bddac90335fc2e84eac19291c5af88eaa
630,user629,b9b8ffeb2ea155343849afca4eac320bddac90335fc2e84eac19291c5af88eaa
631,user630,b9b8ffeb2ea155343849afca4eac320bddac90335fc2e84eac19291c5af88eaa
632,user631,b9b8ffeb2ea155343849afca4eac320bddac90335fc2e84eac19291c5af88eaa
633,user632,b9b8ffeb2ea155343849afca4eac320bddac90335fc2e84eac19291c5af88eaa
634,user633,b9b8ffeb2ea155343849afca4eac320bddac90335fc2e84eac19291c5af88eaa
635,user634,b9b8ffeb2ea155343849afca4eac320bddac90335fc2e84eac19291c5af88eaa
636,user635,b9b8ffeb2ea155343849afca4eac320bddac90335fc2e84eac19291c5af88eaa
637,user636,b9b8ffeb2ea155343849afca4eac320bddac90335fc2e84eac19291c5af88eaa
638,user637,b9b8ffeb2ea155343849afca4eac320bddac90335fc2e84eac19291c5af88eaa
639,user638,b9b8ffeb2ea155343849afca4eac320bddac90335fc2e84eac19291c5af88eaa
640,user639,b9b8ffeb2ea155343849afca4eac320bddac90335fc2e84eac19291c5af88eaa
641,user640,b9b8ffeb2ea155343849afca4eac320bddac90335fc2e84eac19291c5af88eaa
642,user641,b9b8ffeb2ea155343849afca4eac320bddac90335fc2e84eac19291c5af88eaa
643,user642,b9b8ffeb2ea155343849afca4eac320bddac90335fc2e84eac19291c5af88eaa
644,user643,b9b8ffeb2ea155343849afca4eac320bddac90335fc2e84eac19291c5af88eaa
645,user644,b9b8ffeb2ea155343849afca4eac320bddac90335fc2e84eac19291c5af88eaa
646,user645,b9b8ffeb2ea155343849afca4eac320bddac90335fc2e84eac19291c5af88eaa
647,user646,b9b8ffeb2ea155343849afca4eac320bddac90335fc2e84eac19291c5af88eaa
648,user647,b9b8ffeb2ea155343849afca4eac320bddac90335fc2e84eac19291c5af88eaa
649,user648,b9b8ffeb2ea155343849afca4eac320bddac90335fc2e84eac19291c5af88eaa
650,user649,b9b8ffeb2ea155343849afca4eac320bddac90335fc2e84eac19291c5af88eaa
651,user650,b9b8ffeb2ea155343849afca4eac320bddac90335fc2e84eac19291c5af88eaa
652,user651,b9b8ffeb2ea155343849afca4eac320bddac90335fc2e84eac19291c5af88eaa
653,user652,b9b8ffeb2ea155343849afca4eac320bddac90335fc2e84eac19291c5af88eaa
654,user653,b9b8ffeb2ea155343849afca4eac320bddac90335fc2e84eac19291c5af88eaa
655,user654,b9b8ffeb2ea155343849afca4eac320bddac90335fc2e84eac19291c5af88eaa
656,user655,b9b8ffeb2ea155343849afca4eac320bddac90335fc2e84eac19291c5af88eaa
657,user656,b9b8ffeb2ea155343849afca4eac320bddac90335fc2e84eac19291c5af88eaa
658,user657,b9b8ffeb2ea155343849afca4eac320bddac90335fc2e84eac19291c5af88eaa
659,user658,b9b8ffeb2ea155343849afca4eac320bddac90335fc2e84eac19291c5af88eaa
660,user659,b9b8ffeb2ea155343849afca4eac320bddac90335fc2e84eac19291c5af88eaa
661,user660,b9b8ffeb2ea155343849afca4eac320bddac90335fc2e84eac19291c5af88eaa
662,user661,b9b8ffeb2ea155343849afca4eac320bddac90335fc2e84eac19291c5af88eaa
663,user662,b9b8ffeb2ea155343849afca4eac320bddac90335fc2e84eac19291c5af88eaa
664,user663,b9b8ffeb2ea155343849afca4eac320bddac90335fc2e84eac19291c5af88eaa
665,user664,b9b8ffeb2ea155343849afca4eac320bddac90335fc2e84eac19291c5af88eaa
666,user665,b9b8ffeb2ea155343849afca4eac320bddac90335fc2e84eac19291c5af88eaa
667,user666,b9b8ffeb2ea155343849afca4eac320bddac90335fc2e84eac19291c5af88eaa
668,user667,b9b8ffeb2ea155343849afca4eac320bddac90335fc2e84eac19291c5af88eaa
669,user668,b9b8ffeb2ea155343849afca4eac320bddac90335fc2e84eac19291c5af88eaa
670,user669,b9b8ffeb2ea155343849afca4eac320bddac90335fc2e84eac19291c5af88eaa
671,user670,b9b8ffeb2ea155343849afca4eac320bddac90335fc2e84eac19291c5af88eaa
672,user671,b9b8ffeb2ea155343849afca4eac320bddac90335fc2e84eac19291c5af88eaa
673,user672,b9b8ffeb2ea155343849afca4eac320bddac90335fc2e84eac19291c5af88eaa
674,user673,b9b8ffeb2ea155343849afca4eac320bddac90335fc2e84eac19291c5af88eaa
675,user674,b9b8ffeb2ea155343849afca4eac320bddac90335fc2e84eac19291c5af88eaa
676,user675,b9b8ffeb2ea155343849afca4eac320bddac90335fc2e84eac19291c5af88eaa
677,user676,b9b8ffeb2ea155343849afca4eac320bddac90335fc2e84eac19291c5af88eaa
678,user677,b9b8ffeb2ea155343849afca4eac320bddac90335fc2e84eac19291c5af88eaa
679,user678,b9b8ffeb2ea155343849afca4eac320bddac90335fc2e84eac19291c5af88eaa
680,user679,b9b8ffeb2ea155343849afca4eac320bddac90335fc2e84eac19291c5af88eaa
681,user680,b9b8ffeb2ea155343849afca4eac320bddac90335fc2e84eac19291c5af88eaa
682,user681,b9b8ffeb2ea155343849afca4eac320bddac90335fc2e84eac19291c5af88eaa
683,user682,b9b8ffeb2ea155343849afca4eac320bddac90335fc2e84eac19291c5af88eaa
684,user683,b9b8ffeb2ea155343849afca4eac320bddac90335fc2e84eac19291c5af88eaa
685,user684,b9b8ffeb2ea155343849afca4eac320bddac90335fc2e84eac19291c5af88eaa
686,user685,b9b8ffeb2ea155343849afca4eac320bddac90335fc2e84eac19291c5af88eaa
687,user686,b9b8ffeb2ea155343849afca4eac320bddac90335fc2e84eac19291c5af88eaa
688,user687,b9b8ffeb2ea155343849afca4eac320bddac90335fc2e84eac19291c5af88eaa
689,user688,b9b8ffeb2ea155343849afca4eac320bddac90335fc2e84eac19291c5af88eaa
690,user689,b9b8ffeb2ea155343849afca4eac320bddac90335fc2e84eac19291c5af88eaa
691,user690,b9b8ffeb2ea155343849afca4eac320bddac90335fc2e84eac19291c5af88eaa
692,user691,b9b8ffeb2ea155343849afca4eac320bddac90335fc2e84eac19291c5af88eaa
693,user692,b9b8ffeb2ea155343849afca4eac320bddac90335fc2e84eac19291c5af88eaa
694,user693,b9b8ffeb2ea155343849afca4eac320bddac90335fc2e84eac19291c5af88eaa
695,user694,b9b8ffeb2ea155343849afca4eac320bddac90335fc2e84eac19291c5af88eaa
696,user695,b9b8ffeb2ea155343849afca4eac320bddac90335fc2e84eac19291c5af88eaa
697,user696,b9b8ffeb2ea155343849afca4eac320bddac90335fc2e84eac19291c5af88eaa
698,user697,b9b8ffeb2ea155343849afca4eac320bddac90335fc2e84eac19291c5af88eaa
699,user698,b9b8ffeb2ea155343849afca4eac320bddac90335fc2e84eac19291c5af88eaa
700,user699,b9b8ffeb2ea155343849afca4eac320bddac90335fc2e84eac19291c5af88eaa
